-- phpMyAdmin SQL Dump
-- version 4.0.4
-- http://www.phpmyadmin.net
--
-- Host: localhost
-- Generation Time: Feb 22, 2014 at 07:24 PM
-- Server version: 5.6.12-log
-- PHP Version: 5.4.12

SET SQL_MODE = "NO_AUTO_VALUE_ON_ZERO";
SET time_zone = "+00:00";


/*!40101 SET @OLD_CHARACTER_SET_CLIENT=@@CHARACTER_SET_CLIENT */;
/*!40101 SET @OLD_CHARACTER_SET_RESULTS=@@CHARACTER_SET_RESULTS */;
/*!40101 SET @OLD_COLLATION_CONNECTION=@@COLLATION_CONNECTION */;
/*!40101 SET NAMES utf8 */;

--
-- Database: `games`
--
CREATE DATABASE IF NOT EXISTS `games` DEFAULT CHARACTER SET latin1 COLLATE latin1_swedish_ci;
USE `games`;

DELIMITER $$
--
-- Procedures
--
CREATE DEFINER=`root`@`localhost` PROCEDURE `newMatch`(IN `userID` INT(5), IN `sport` INT(10), IN `location` VARCHAR(256), IN `zip` INT(5), IN `date` DATE, IN `time` TIME, IN `maxPlayers` INT(5), IN `currPlayers` INT(5), IN `pubpriv` BOOLEAN)
    NO SQL
INSERT INTO matches (    
	admin_user_id,     
	match_type, 
	match_location, 
	match_zip,       
	match_date,     
	match_time,            
	match_maxplayers,      
	match_currentplayers,  
	matchp_pubpriv
	)
  VALUES (
    @userID,     
	@sport, 
	@location, 
	@zip,
	@date,       
	@time,     
	@maxPlayers,            
	@currPlayers,      
	@pubpriv 
  )$$

CREATE DEFINER=`root`@`localhost` PROCEDURE `testSearch`()
BEGIN
    SELECT * FROM matches WHERE match_zip=32304;
END$$

DELIMITER ;

-- --------------------------------------------------------

--
-- Table structure for table `matches`
--

CREATE TABLE IF NOT EXISTS `matches` (
  `match_id` int(5) NOT NULL AUTO_INCREMENT COMMENT 'auto-value',
  `admin_user_id` int(5) NOT NULL COMMENT 'user id number',
  `match_type` int(15) NOT NULL COMMENT 'ENUM',
  `match_location` varchar(256) NOT NULL COMMENT 'Where its at',
  `match_zip` int(5) NOT NULL COMMENT '5 digit zip',
  `match_date` date NOT NULL COMMENT 'day of match',
  `match_time` time NOT NULL COMMENT 'time, 24 hour clock',
  `match_maxplayers` int(5) NOT NULL,
  `match_currentplayers` int(5) NOT NULL,
  `matchp_pubpriv` tinyint(1) NOT NULL COMMENT 'zero for public, 1 for private',
  PRIMARY KEY (`match_id`)
) ENGINE=InnoDB  DEFAULT CHARSET=latin1 COMMENT='matches_prototype' AUTO_INCREMENT=7 ;

--
-- Dumping data for table `matches`
--

INSERT INTO `matches` (`match_id`, `admin_user_id`, `match_type`, `match_location`, `match_zip`, `match_date`, `match_time`, `match_maxplayers`, `match_currentplayers`, `matchp_pubpriv`) VALUES
(1, 4, 1, '608 west lafayette', 32304, '2014-02-26', '00:15:00', 16, 0, 0),
(2, 4, 2, 'The Gym at FsU', 32304, '2014-02-24', '00:17:30', 8, 2, 0),
(3, 4, 3, 'Wescott Fountain', 32308, '2014-02-28', '00:13:00', 10, 0, 0),
(4, 4, 4, 'FAMU Courts', 32301, '2014-02-23', '00:17:30', 4, 2, 1),
(5, 5, 4, 'bobs', 32304, '0000-00-00', '23:50:26', 4, 6, 1),
(6, 0, 0, 'Tallahassee', 32304, '2014-02-28', '05:30:00', 4, 1, 1);

-- --------------------------------------------------------

--
-- Table structure for table `uc_configuration`
--

CREATE TABLE IF NOT EXISTS `uc_configuration` (
  `id` int(11) NOT NULL AUTO_INCREMENT,
  `name` varchar(150) NOT NULL,
  `value` varchar(150) NOT NULL,
  PRIMARY KEY (`id`)
) ENGINE=InnoDB  DEFAULT CHARSET=utf8 AUTO_INCREMENT=8 ;

--
-- Dumping data for table `uc_configuration`
--

INSERT INTO `uc_configuration` (`id`, `name`, `value`) VALUES
(1, 'website_name', 'UserCake'),
(2, 'website_url', 'localhost/'),
(3, 'email', 'noreply@ILoveUserCake.com'),
(4, 'activation', 'false'),
(5, 'resend_activation_threshold', '0'),
(6, 'language', 'models/languages/en.php'),
(7, 'template', 'models/site-templates/default.css');

-- --------------------------------------------------------

--
-- Table structure for table `uc_pages`
--

CREATE TABLE IF NOT EXISTS `uc_pages` (
  `id` int(11) NOT NULL AUTO_INCREMENT,
  `page` varchar(150) NOT NULL,
  `private` tinyint(1) NOT NULL DEFAULT '0',
  PRIMARY KEY (`id`)
) ENGINE=InnoDB  DEFAULT CHARSET=latin1 AUTO_INCREMENT=18 ;

--
-- Dumping data for table `uc_pages`
--

INSERT INTO `uc_pages` (`id`, `page`, `private`) VALUES
(1, 'account.php', 1),
(2, 'activate-account.php', 0),
(3, 'admin_configuration.php', 1),
(4, 'admin_page.php', 1),
(5, 'admin_pages.php', 1),
(6, 'admin_permission.php', 1),
(7, 'admin_permissions.php', 1),
(8, 'admin_user.php', 1),
(9, 'admin_users.php', 1),
(10, 'forgot-password.php', 0),
(11, 'index.php', 0),
(12, 'left-nav.php', 0),
(13, 'login.php', 0),
(14, 'logout.php', 1),
(15, 'register.php', 0),
(16, 'resend-activation.php', 0),
(17, 'user_settings.php', 1);

-- --------------------------------------------------------

--
-- Table structure for table `uc_permissions`
--

CREATE TABLE IF NOT EXISTS `uc_permissions` (
  `id` int(11) NOT NULL AUTO_INCREMENT,
  `name` varchar(150) NOT NULL,
  PRIMARY KEY (`id`)
) ENGINE=InnoDB  DEFAULT CHARSET=utf8 AUTO_INCREMENT=3 ;

--
-- Dumping data for table `uc_permissions`
--

INSERT INTO `uc_permissions` (`id`, `name`) VALUES
(1, 'New Member'),
(2, 'Administrator');

-- --------------------------------------------------------

--
-- Table structure for table `uc_permission_page_matches`
--

CREATE TABLE IF NOT EXISTS `uc_permission_page_matches` (
  `id` int(11) NOT NULL AUTO_INCREMENT,
  `permission_id` int(11) NOT NULL,
  `page_id` int(11) NOT NULL,
  PRIMARY KEY (`id`)
) ENGINE=InnoDB  DEFAULT CHARSET=latin1 AUTO_INCREMENT=23 ;

--
-- Dumping data for table `uc_permission_page_matches`
--

INSERT INTO `uc_permission_page_matches` (`id`, `permission_id`, `page_id`) VALUES
(1, 1, 1),
(2, 1, 14),
(3, 1, 17),
(4, 2, 1),
(5, 2, 3),
(6, 2, 4),
(7, 2, 5),
(8, 2, 6),
(9, 2, 7),
(10, 2, 8),
(11, 2, 9),
(12, 2, 14),
(13, 2, 17);

-- --------------------------------------------------------

--
-- Table structure for table `uc_users`
--

CREATE TABLE IF NOT EXISTS `uc_users` (
  `id` int(11) NOT NULL AUTO_INCREMENT,
  `user_name` varchar(50) NOT NULL,
  `display_name` varchar(50) NOT NULL,
  `password` varchar(225) NOT NULL,
  `email` varchar(150) NOT NULL,
  `activation_token` varchar(225) NOT NULL,
  `last_activation_request` int(11) NOT NULL,
  `lost_password_request` tinyint(1) NOT NULL,
  `active` tinyint(1) NOT NULL,
  `title` varchar(150) NOT NULL,
  `sign_up_stamp` int(11) NOT NULL,
  `last_sign_in_stamp` int(11) NOT NULL,
  PRIMARY KEY (`id`)
) ENGINE=InnoDB DEFAULT CHARSET=utf8 AUTO_INCREMENT=1 ;

-- --------------------------------------------------------

--
-- Table structure for table `uc_user_permission_matches`
--

CREATE TABLE IF NOT EXISTS `uc_user_permission_matches` (
  `id` int(11) NOT NULL AUTO_INCREMENT,
  `user_id` int(11) NOT NULL,
  `permission_id` int(11) NOT NULL,
  PRIMARY KEY (`id`)
) ENGINE=InnoDB  DEFAULT CHARSET=utf8 AUTO_INCREMENT=2 ;

--
-- Dumping data for table `uc_user_permission_matches`
--

INSERT INTO `uc_user_permission_matches` (`id`, `user_id`, `permission_id`) VALUES
(1, 1, 2);

-- --------------------------------------------------------

--
-- Table structure for table `users`
--

CREATE TABLE IF NOT EXISTS `users` (
  `user_idnum` int(11) NOT NULL AUTO_INCREMENT COMMENT 'user_id',
  `first_name` varchar(256) NOT NULL COMMENT 'f_name',
  `last_name` varchar(256) NOT NULL COMMENT 'l_name',
  `email` varchar(256) NOT NULL COMMENT 'email',
  `zip` int(11) NOT NULL COMMENT 'zip',
  `password` varchar(32) NOT NULL COMMENT 'max length is 32',
  PRIMARY KEY (`user_idnum`)
) ENGINE=InnoDB  DEFAULT CHARSET=latin1 AUTO_INCREMENT=3 ;

--
-- Dumping data for table `users`
--

INSERT INTO `users` (`user_idnum`, `first_name`, `last_name`, `email`, `zip`, `password`) VALUES
(1, 'Taylor', 'Brockhoeft', 'taylor@pickupsports.com', 32304, 'cookie'),
(2, 'Rob', 'Shnayder', 'rob@pickupsports.com', 32303, 'cookie2');

/*!40101 SET CHARACTER_SET_CLIENT=@OLD_CHARACTER_SET_CLIENT */;
/*!40101 SET CHARACTER_SET_RESULTS=@OLD_CHARACTER_SET_RESULTS */;
/*!40101 SET COLLATION_CONNECTION=@OLD_COLLATION_CONNECTION */;
